tarih_saat,yil,ay_no,ay_adi,gun_no,gun_adi,saat,dakika,saniye,konum_dosyasi,alan_ismi,tasit_tipi,track_id,video_frame_no
2025-05-16 00:18:52,2025,5,Mayıs,16,Cuma,0,18,52,onbesbesdenemekonum,cikis,car,1,1
2025-05-16 00:18:52,2025,5,Mayıs,16,Cuma,0,18,52,onbesbesdenemekonum,cikis,car,2,1
2025-05-16 00:18:52,2025,5,Mayıs,16,Cuma,0,18,52,onbesbesdenemekonum,cikis,car,3,1
2025-05-16 00:18:52,2025,5,Mayıs,16,Cuma,0,18,52,onbesbesdenemekonum,cikis,car,5,1
2025-05-16 00:18:52,2025,5,Mayıs,16,Cuma,0,18,52,onbesbesdenemekonum,cikis,car,9,1
2025-05-16 00:18:53,2025,5,Mayıs,16,Cuma,0,18,53,onbesbesdenemekonum,giris,car,21,4
2025-05-16 00:18:54,2025,5,Mayıs,16,Cuma,0,18,54,onbesbesdenemekonum,giris,car,70,24
2025-05-16 00:18:55,2025,5,Mayıs,16,Cuma,0,18,55,onbesbesdenemekonum,giris,car,46,31
2025-05-16 00:18:55,2025,5,Mayıs,16,Cuma,0,18,55,onbesbesdenemekonum,cikis,car,13,36
2025-05-16 00:18:56,2025,5,Mayıs,16,Cuma,0,18,56,onbesbesdenemekonum,cikis,car,94,39
2025-05-16 00:18:56,2025,5,Mayıs,16,Cuma,0,18,56,onbesbesdenemekonum,giris,car,11,42
2025-05-16 00:18:57,2025,5,Mayıs,16,Cuma,0,18,57,onbesbesdenemekonum,cikis,car,17,48
2025-05-16 00:18:58,2025,5,Mayıs,16,Cuma,0,18,58,onbesbesdenemekonum,cikis,car,66,57
2025-05-16 00:18:58,2025,5,Mayıs,16,Cuma,0,18,58,onbesbesdenemekonum,giris,car,10,58
2025-05-16 00:20:14,2025,5,Mayıs,16,Cuma,0,20,14,onbesbesdenemekonum,cikis,car,1,1
2025-05-16 00:20:14,2025,5,Mayıs,16,Cuma,0,20,14,onbesbesdenemekonum,cikis,car,2,1
2025-05-16 00:20:14,2025,5,Mayıs,16,Cuma,0,20,14,onbesbesdenemekonum,cikis,car,3,1
2025-05-16 00:20:14,2025,5,Mayıs,16,Cuma,0,20,14,onbesbesdenemekonum,cikis,car,5,1
2025-05-16 00:20:14,2025,5,Mayıs,16,Cuma,0,20,14,onbesbesdenemekonum,cikis,car,9,1
2025-05-16 00:20:17,2025,5,Mayıs,16,Cuma,0,20,17,onbesbesdenemekonum,cikis,car,13,36
2025-05-16 00:20:17,2025,5,Mayıs,16,Cuma,0,20,17,onbesbesdenemekonum,giris,car,11,42
2025-05-16 00:20:18,2025,5,Mayıs,16,Cuma,0,20,18,onbesbesdenemekonum,cikis,car,17,48
2025-05-16 00:20:19,2025,5,Mayıs,16,Cuma,0,20,19,onbesbesdenemekonum,giris,car,10,57
2025-05-16 00:23:22,2025,5,Mayıs,16,Cuma,0,23,22,onbesbesdenemekonum,cikis,car,1,1
2025-05-16 00:23:22,2025,5,Mayıs,16,Cuma,0,23,22,onbesbesdenemekonum,cikis,car,2,1
2025-05-16 00:23:22,2025,5,Mayıs,16,Cuma,0,23,22,onbesbesdenemekonum,cikis,car,3,1
2025-05-16 00:23:22,2025,5,Mayıs,16,Cuma,0,23,22,onbesbesdenemekonum,cikis,car,5,1
2025-05-16 00:23:22,2025,5,Mayıs,16,Cuma,0,23,22,onbesbesdenemekonum,cikis,car,9,1
2025-05-16 00:23:22,2025,5,Mayıs,16,Cuma,0,23,22,onbesbesdenemekonum,giris,car,21,4
2025-05-16 00:23:24,2025,5,Mayıs,16,Cuma,0,23,24,onbesbesdenemekonum,giris,car,70,24
2025-05-16 00:23:25,2025,5,Mayıs,16,Cuma,0,23,25,onbesbesdenemekonum,giris,car,46,31
2025-05-16 00:23:26,2025,5,Mayıs,16,Cuma,0,23,26,onbesbesdenemekonum,cikis,car,13,36
2025-05-16 00:23:26,2025,5,Mayıs,16,Cuma,0,23,26,onbesbesdenemekonum,cikis,car,94,39
2025-05-16 00:23:26,2025,5,Mayıs,16,Cuma,0,23,26,onbesbesdenemekonum,giris,car,11,42
2025-05-16 00:23:27,2025,5,Mayıs,16,Cuma,0,23,27,onbesbesdenemekonum,cikis,car,17,48
2025-05-16 00:23:28,2025,5,Mayıs,16,Cuma,0,23,28,onbesbesdenemekonum,cikis,car,66,57
2025-05-16 00:23:28,2025,5,Mayıs,16,Cuma,0,23,28,onbesbesdenemekonum,giris,car,10,58
2025-05-16 00:44:06,2025,5,Mayıs,16,Cuma,0,44,6,onbesbesdenemekonum,cikis,car,1,1
2025-05-16 00:44:06,2025,5,Mayıs,16,Cuma,0,44,6,onbesbesdenemekonum,cikis,car,2,1
2025-05-16 00:44:06,2025,5,Mayıs,16,Cuma,0,44,6,onbesbesdenemekonum,cikis,car,3,1
2025-05-16 00:44:06,2025,5,Mayıs,16,Cuma,0,44,6,onbesbesdenemekonum,cikis,car,5,1
2025-05-16 00:44:06,2025,5,Mayıs,16,Cuma,0,44,6,onbesbesdenemekonum,cikis,car,9,1
2025-05-16 00:44:07,2025,5,Mayıs,16,Cuma,0,44,7,onbesbesdenemekonum,giris,car,21,4
2025-05-16 00:44:08,2025,5,Mayıs,16,Cuma,0,44,8,onbesbesdenemekonum,giris,car,70,24
2025-05-16 00:44:09,2025,5,Mayıs,16,Cuma,0,44,9,onbesbesdenemekonum,giris,car,46,31
2025-05-16 00:44:10,2025,5,Mayıs,16,Cuma,0,44,10,onbesbesdenemekonum,cikis,car,13,36
2025-05-16 00:44:10,2025,5,Mayıs,16,Cuma,0,44,10,onbesbesdenemekonum,cikis,car,94,39
2025-05-16 00:44:10,2025,5,Mayıs,16,Cuma,0,44,10,onbesbesdenemekonum,giris,car,11,42
2025-05-16 00:44:11,2025,5,Mayıs,16,Cuma,0,44,11,onbesbesdenemekonum,cikis,car,17,48
2025-05-16 00:44:12,2025,5,Mayıs,16,Cuma,0,44,12,onbesbesdenemekonum,cikis,car,66,57
2025-05-16 00:44:12,2025,5,Mayıs,16,Cuma,0,44,12,onbesbesdenemekonum,giris,car,10,58
2025-05-16 00:44:13,2025,5,Mayıs,16,Cuma,0,44,13,onbesbesdenemekonum,giris,car,73,69
2025-05-16 00:44:15,2025,5,Mayıs,16,Cuma,0,44,15,onbesbesdenemekonum,cikis,car,213,94
2025-05-16 00:44:15,2025,5,Mayıs,16,Cuma,0,44,15,onbesbesdenemekonum,cikis,car,165,98
2025-05-16 00:44:16,2025,5,Mayıs,16,Cuma,0,44,16,onbesbesdenemekonum,cikis,car,237,101
2025-05-16 00:44:17,2025,5,Mayıs,16,Cuma,0,44,17,onbesbesdenemekonum,cikis,car,159,110
2025-05-16 00:44:18,2025,5,Mayıs,16,Cuma,0,44,18,onbesbesdenemekonum,giris,car,7,124
2025-05-16 00:44:19,2025,5,Mayıs,16,Cuma,0,44,19,onbesbesdenemekonum,cikis,car,317,129
2025-05-16 00:44:19,2025,5,Mayıs,16,Cuma,0,44,19,onbesbesdenemekonum,cikis,car,254,132
2025-05-16 00:44:20,2025,5,Mayıs,16,Cuma,0,44,20,onbesbesdenemekonum,giris,car,108,138
2025-05-16 00:44:21,2025,5,Mayıs,16,Cuma,0,44,21,onbesbesdenemekonum,cikis,car,349,155
2025-05-16 00:44:23,2025,5,Mayıs,16,Cuma,0,44,23,onbesbesdenemekonum,cikis,car,316,168
2025-05-16 00:44:23,2025,5,Mayıs,16,Cuma,0,44,23,onbesbesdenemekonum,cikis,car,260,174
2025-05-16 00:44:24,2025,5,Mayıs,16,Cuma,0,44,24,onbesbesdenemekonum,giris,car,201,179
2025-05-16 00:44:25,2025,5,Mayıs,16,Cuma,0,44,25,onbesbesdenemekonum,giris,car,416,195
2025-05-16 00:44:25,2025,5,Mayıs,16,Cuma,0,44,25,onbesbesdenemekonum,giris,car,384,199
2025-05-16 00:44:26,2025,5,Mayıs,16,Cuma,0,44,26,onbesbesdenemekonum,giris,car,348,201
2025-05-16 00:44:26,2025,5,Mayıs,16,Cuma,0,44,26,onbesbesdenemekonum,giris,car,197,203
2025-05-16 00:44:28,2025,5,Mayıs,16,Cuma,0,44,28,onbesbesdenemekonum,giris,truck,480,222
2025-05-16 00:44:28,2025,5,Mayıs,16,Cuma,0,44,28,onbesbesdenemekonum,giris,truck,492,226
2025-05-16 00:44:28,2025,5,Mayıs,16,Cuma,0,44,28,onbesbesdenemekonum,cikis,car,399,231
2025-05-16 00:44:28,2025,5,Mayıs,16,Cuma,0,44,28,onbesbesdenemekonum,giris,car,503,232
2025-05-16 00:44:29,2025,5,Mayıs,16,Cuma,0,44,29,onbesbesdenemekonum,giris,bus,507,235
2025-05-16 00:44:29,2025,5,Mayıs,16,Cuma,0,44,29,onbesbesdenemekonum,cikis,car,380,238
2025-05-16 00:44:29,2025,5,Mayıs,16,Cuma,0,44,29,onbesbesdenemekonum,cikis,car,513,243
2025-05-16 00:44:30,2025,5,Mayıs,16,Cuma,0,44,30,onbesbesdenemekonum,cikis,car,525,252
2025-05-16 00:44:31,2025,5,Mayıs,16,Cuma,0,44,31,onbesbesdenemekonum,giris,car,400,257
2025-05-16 00:44:31,2025,5,Mayıs,16,Cuma,0,44,31,onbesbesdenemekonum,cikis,car,558,260
2025-05-16 00:44:32,2025,5,Mayıs,16,Cuma,0,44,32,onbesbesdenemekonum,giris,car,358,264
2025-05-16 00:44:32,2025,5,Mayıs,16,Cuma,0,44,32,onbesbesdenemekonum,cikis,car,502,269
2025-05-16 00:44:34,2025,5,Mayıs,16,Cuma,0,44,34,onbesbesdenemekonum,giris,car,410,286
2025-05-16 00:44:36,2025,5,Mayıs,16,Cuma,0,44,36,onbesbesdenemekonum,cikis,car,455,308
2025-05-16 00:44:36,2025,5,Mayıs,16,Cuma,0,44,36,onbesbesdenemekonum,cikis,car,543,314
2025-05-16 00:44:36,2025,5,Mayıs,16,Cuma,0,44,36,onbesbesdenemekonum,cikis,car,573,314
2025-05-16 00:44:36,2025,5,Mayıs,16,Cuma,0,44,36,onbesbesdenemekonum,cikis,car,664,317
2025-05-16 00:44:38,2025,5,Mayıs,16,Cuma,0,44,38,onbesbesdenemekonum,giris,car,565,334
2025-05-16 00:44:38,2025,5,Mayıs,16,Cuma,0,44,38,onbesbesdenemekonum,cikis,car,711,337
2025-05-16 00:44:38,2025,5,Mayıs,16,Cuma,0,44,38,onbesbesdenemekonum,cikis,car,719,340
2025-05-16 00:44:40,2025,5,Mayıs,16,Cuma,0,44,40,onbesbesdenemekonum,cikis,car,749,355
2025-05-16 00:44:41,2025,5,Mayıs,16,Cuma,0,44,41,onbesbesdenemekonum,cikis,car,584,371
2025-05-16 00:44:41,2025,5,Mayıs,16,Cuma,0,44,41,onbesbesdenemekonum,cikis,car,806,372
2025-05-16 00:44:42,2025,5,Mayıs,16,Cuma,0,44,42,onbesbesdenemekonum,giris,car,409,376
2025-05-16 00:44:43,2025,5,Mayıs,16,Cuma,0,44,43,onbesbesdenemekonum,giris,car,742,386
2025-05-16 00:44:44,2025,5,Mayıs,16,Cuma,0,44,44,onbesbesdenemekonum,giris,car,644,397
2025-05-16 01:15:07,2025,5,Mayıs,16,Cuma,1,15,7,onbesbesdenemekonum,cikis,car,1,1
2025-05-16 01:15:07,2025,5,Mayıs,16,Cuma,1,15,7,onbesbesdenemekonum,cikis,car,2,1
2025-05-16 01:15:07,2025,5,Mayıs,16,Cuma,1,15,7,onbesbesdenemekonum,cikis,car,3,1
2025-05-16 01:15:07,2025,5,Mayıs,16,Cuma,1,15,7,onbesbesdenemekonum,cikis,car,5,1
2025-05-16 01:15:07,2025,5,Mayıs,16,Cuma,1,15,7,onbesbesdenemekonum,cikis,car,9,1
2025-05-16 01:15:07,2025,5,Mayıs,16,Cuma,1,15,7,onbesbesdenemekonum,giris,car,21,4
2025-05-16 01:15:09,2025,5,Mayıs,16,Cuma,1,15,9,onbesbesdenemekonum,giris,car,70,24
2025-05-16 01:15:10,2025,5,Mayıs,16,Cuma,1,15,10,onbesbesdenemekonum,giris,car,46,31
2025-05-16 01:15:10,2025,5,Mayıs,16,Cuma,1,15,10,onbesbesdenemekonum,cikis,car,13,36
2025-05-16 01:15:11,2025,5,Mayıs,16,Cuma,1,15,11,onbesbesdenemekonum,cikis,car,94,39
2025-05-16 01:15:11,2025,5,Mayıs,16,Cuma,1,15,11,onbesbesdenemekonum,giris,car,11,42
2025-05-16 01:15:12,2025,5,Mayıs,16,Cuma,1,15,12,onbesbesdenemekonum,cikis,car,17,48
2025-05-16 01:15:13,2025,5,Mayıs,16,Cuma,1,15,13,onbesbesdenemekonum,cikis,car,66,57
2025-05-16 01:15:13,2025,5,Mayıs,16,Cuma,1,15,13,onbesbesdenemekonum,giris,car,10,58
2025-05-16 01:15:14,2025,5,Mayıs,16,Cuma,1,15,14,onbesbesdenemekonum,giris,car,73,69
2025-05-16 01:15:17,2025,5,Mayıs,16,Cuma,1,15,17,onbesbesdenemekonum,cikis,car,213,94
2025-05-16 01:15:17,2025,5,Mayıs,16,Cuma,1,15,17,onbesbesdenemekonum,cikis,car,165,98
2025-05-16 01:15:17,2025,5,Mayıs,16,Cuma,1,15,17,onbesbesdenemekonum,cikis,car,237,101
2025-05-16 01:15:18,2025,5,Mayıs,16,Cuma,1,15,18,onbesbesdenemekonum,cikis,car,159,110
2025-05-16 01:15:19,2025,5,Mayıs,16,Cuma,1,15,19,onbesbesdenemekonum,giris,car,7,124
2025-05-16 01:15:20,2025,5,Mayıs,16,Cuma,1,15,20,onbesbesdenemekonum,cikis,car,317,129
2025-05-16 01:15:20,2025,5,Mayıs,16,Cuma,1,15,20,onbesbesdenemekonum,cikis,car,254,132
2025-05-16 01:15:21,2025,5,Mayıs,16,Cuma,1,15,21,onbesbesdenemekonum,giris,car,108,138
2025-05-16 01:15:22,2025,5,Mayıs,16,Cuma,1,15,22,onbesbesdenemekonum,cikis,car,349,155
2025-05-16 01:15:24,2025,5,Mayıs,16,Cuma,1,15,24,onbesbesdenemekonum,cikis,car,316,168
2025-05-16 01:15:24,2025,5,Mayıs,16,Cuma,1,15,24,onbesbesdenemekonum,cikis,car,260,174
2025-05-16 01:15:25,2025,5,Mayıs,16,Cuma,1,15,25,onbesbesdenemekonum,giris,car,201,179
2025-05-16 01:15:26,2025,5,Mayıs,16,Cuma,1,15,26,onbesbesdenemekonum,giris,car,416,195
2025-05-16 01:15:27,2025,5,Mayıs,16,Cuma,1,15,27,onbesbesdenemekonum,giris,car,384,199
2025-05-16 01:15:27,2025,5,Mayıs,16,Cuma,1,15,27,onbesbesdenemekonum,giris,car,348,201
2025-05-16 01:15:27,2025,5,Mayıs,16,Cuma,1,15,27,onbesbesdenemekonum,giris,car,197,203
2025-05-16 01:15:29,2025,5,Mayıs,16,Cuma,1,15,29,onbesbesdenemekonum,giris,truck,480,222
2025-05-16 01:15:29,2025,5,Mayıs,16,Cuma,1,15,29,onbesbesdenemekonum,giris,truck,492,226
2025-05-16 01:15:30,2025,5,Mayıs,16,Cuma,1,15,30,onbesbesdenemekonum,cikis,car,399,231
2025-05-16 01:15:30,2025,5,Mayıs,16,Cuma,1,15,30,onbesbesdenemekonum,giris,car,503,232
2025-05-16 01:15:30,2025,5,Mayıs,16,Cuma,1,15,30,onbesbesdenemekonum,giris,bus,507,235
2025-05-16 01:15:30,2025,5,Mayıs,16,Cuma,1,15,30,onbesbesdenemekonum,cikis,car,380,238
2025-05-16 01:15:31,2025,5,Mayıs,16,Cuma,1,15,31,onbesbesdenemekonum,cikis,car,513,243
2025-05-16 01:15:32,2025,5,Mayıs,16,Cuma,1,15,32,onbesbesdenemekonum,cikis,car,525,252
2025-05-16 01:15:32,2025,5,Mayıs,16,Cuma,1,15,32,onbesbesdenemekonum,giris,car,400,257
2025-05-16 01:15:32,2025,5,Mayıs,16,Cuma,1,15,32,onbesbesdenemekonum,cikis,car,558,260
2025-05-16 01:15:33,2025,5,Mayıs,16,Cuma,1,15,33,onbesbesdenemekonum,giris,car,358,264
2025-05-16 01:15:33,2025,5,Mayıs,16,Cuma,1,15,33,onbesbesdenemekonum,cikis,car,502,269
2025-05-16 01:15:35,2025,5,Mayıs,16,Cuma,1,15,35,onbesbesdenemekonum,giris,car,410,286
2025-05-16 01:15:37,2025,5,Mayıs,16,Cuma,1,15,37,onbesbesdenemekonum,cikis,car,455,308
2025-05-16 01:15:37,2025,5,Mayıs,16,Cuma,1,15,37,onbesbesdenemekonum,cikis,car,543,314
2025-05-16 01:15:37,2025,5,Mayıs,16,Cuma,1,15,37,onbesbesdenemekonum,cikis,car,573,314
2025-05-16 01:15:37,2025,5,Mayıs,16,Cuma,1,15,37,onbesbesdenemekonum,cikis,car,664,317
2025-05-16 01:15:39,2025,5,Mayıs,16,Cuma,1,15,39,onbesbesdenemekonum,giris,car,565,334
2025-05-16 01:15:39,2025,5,Mayıs,16,Cuma,1,15,39,onbesbesdenemekonum,cikis,car,711,337
2025-05-16 01:15:39,2025,5,Mayıs,16,Cuma,1,15,39,onbesbesdenemekonum,cikis,car,719,340
2025-05-16 01:15:41,2025,5,Mayıs,16,Cuma,1,15,41,onbesbesdenemekonum,cikis,car,749,355
2025-05-16 01:15:42,2025,5,Mayıs,16,Cuma,1,15,42,onbesbesdenemekonum,cikis,car,584,371
2025-05-16 01:15:42,2025,5,Mayıs,16,Cuma,1,15,42,onbesbesdenemekonum,cikis,car,806,372
2025-05-16 01:15:43,2025,5,Mayıs,16,Cuma,1,15,43,onbesbesdenemekonum,giris,car,409,376
2025-05-16 01:15:43,2025,5,Mayıs,16,Cuma,1,15,43,onbesbesdenemekonum,giris,car,742,386
2025-05-16 01:15:45,2025,5,Mayıs,16,Cuma,1,15,45,onbesbesdenemekonum,giris,car,644,397
2025-05-16 01:15:46,2025,5,Mayıs,16,Cuma,1,15,46,onbesbesdenemekonum,giris,truck,883,414
2025-05-16 01:15:46,2025,5,Mayıs,16,Cuma,1,15,46,onbesbesdenemekonum,cikis,car,840,415
2025-05-16 01:15:47,2025,5,Mayıs,16,Cuma,1,15,47,onbesbesdenemekonum,giris,truck,898,423
2025-05-16 01:15:49,2025,5,Mayıs,16,Cuma,1,15,49,onbesbesdenemekonum,cikis,car,928,434
2025-05-16 01:15:50,2025,5,Mayıs,16,Cuma,1,15,50,onbesbesdenemekonum,giris,car,796,445
2025-05-16 01:15:51,2025,5,Mayıs,16,Cuma,1,15,51,onbesbesdenemekonum,cikis,car,961,454
2025-05-16 01:15:52,2025,5,Mayıs,16,Cuma,1,15,52,onbesbesdenemekonum,giris,car,981,468
2025-05-16 01:15:52,2025,5,Mayıs,16,Cuma,1,15,52,onbesbesdenemekonum,cikis,car,986,469
2025-05-16 01:15:53,2025,5,Mayıs,16,Cuma,1,15,53,onbesbesdenemekonum,cikis,car,1001,474
2025-05-16 01:15:53,2025,5,Mayıs,16,Cuma,1,15,53,onbesbesdenemekonum,cikis,car,1015,479
2025-05-16 01:15:55,2025,5,Mayıs,16,Cuma,1,15,55,onbesbesdenemekonum,cikis,car,977,497
2025-05-16 01:15:55,2025,5,Mayıs,16,Cuma,1,15,55,onbesbesdenemekonum,cikis,car,764,500
2025-05-16 01:15:55,2025,5,Mayıs,16,Cuma,1,15,55,onbesbesdenemekonum,giris,car,757,506
2025-05-16 01:15:57,2025,5,Mayıs,16,Cuma,1,15,57,onbesbesdenemekonum,giris,car,1101,517
2025-05-16 01:15:58,2025,5,Mayıs,16,Cuma,1,15,58,onbesbesdenemekonum,cikis,car,890,533
2025-05-16 01:18:55,2025,5,Mayıs,16,Cuma,1,18,55,onbesbesdenemekonum,cikis,car,1,1
2025-05-16 01:18:55,2025,5,Mayıs,16,Cuma,1,18,55,onbesbesdenemekonum,cikis,car,2,1
2025-05-16 01:18:55,2025,5,Mayıs,16,Cuma,1,18,55,onbesbesdenemekonum,cikis,car,3,1
2025-05-16 01:18:55,2025,5,Mayıs,16,Cuma,1,18,55,onbesbesdenemekonum,cikis,car,5,1
2025-05-16 01:18:55,2025,5,Mayıs,16,Cuma,1,18,55,onbesbesdenemekonum,cikis,car,9,1
2025-05-16 01:18:58,2025,5,Mayıs,16,Cuma,1,18,58,onbesbesdenemekonum,cikis,car,13,36
2025-05-16 01:18:58,2025,5,Mayıs,16,Cuma,1,18,58,onbesbesdenemekonum,giris,car,11,42
2025-05-16 01:18:59,2025,5,Mayıs,16,Cuma,1,18,59,onbesbesdenemekonum,cikis,car,17,48
2025-05-16 01:19:00,2025,5,Mayıs,16,Cuma,1,19,0,onbesbesdenemekonum,giris,car,10,57
2025-05-16 01:19:01,2025,5,Mayıs,16,Cuma,1,19,1,onbesbesdenemekonum,giris,car,4,69
2025-05-16 01:19:06,2025,5,Mayıs,16,Cuma,1,19,6,onbesbesdenemekonum,giris,car,7,124
2025-05-16 01:21:41,2025,5,Mayıs,16,Cuma,1,21,41,onbesbesdenemekonum,cikis,car,1,1
2025-05-16 01:21:41,2025,5,Mayıs,16,Cuma,1,21,41,onbesbesdenemekonum,cikis,car,2,1
2025-05-16 01:21:41,2025,5,Mayıs,16,Cuma,1,21,41,onbesbesdenemekonum,cikis,car,3,1
2025-05-16 01:21:41,2025,5,Mayıs,16,Cuma,1,21,41,onbesbesdenemekonum,cikis,car,5,1
2025-05-16 01:21:41,2025,5,Mayıs,16,Cuma,1,21,41,onbesbesdenemekonum,cikis,car,9,1
2025-05-16 01:21:44,2025,5,Mayıs,16,Cuma,1,21,44,onbesbesdenemekonum,cikis,car,13,36
2025-05-16 01:21:45,2025,5,Mayıs,16,Cuma,1,21,45,onbesbesdenemekonum,giris,car,11,42
2025-05-16 01:21:46,2025,5,Mayıs,16,Cuma,1,21,46,onbesbesdenemekonum,cikis,car,17,48
2025-05-16 01:21:48,2025,5,Mayıs,16,Cuma,1,21,48,onbesbesdenemekonum,giris,car,4,69
2025-05-16 01:21:54,2025,5,Mayıs,16,Cuma,1,21,54,onbesbesdenemekonum,giris,car,7,124
2025-05-16 01:21:55,2025,5,Mayıs,16,Cuma,1,21,55,onbesbesdenemekonum,giris,car,10,138
2025-05-16 01:22:07,2025,5,Mayıs,16,Cuma,1,22,7,onbesbesdenemekonum,giris,car,3423,261
2025-05-16 01:22:07,2025,5,Mayıs,16,Cuma,1,22,7,onbesbesdenemekonum,cikis,car,3431,261
2025-05-16 01:22:07,2025,5,Mayıs,16,Cuma,1,22,7,onbesbesdenemekonum,cikis,car,3432,261
2025-05-16 01:22:08,2025,5,Mayıs,16,Cuma,1,22,8,onbesbesdenemekonum,cikis,car,3425,269
2025-05-16 01:22:09,2025,5,Mayıs,16,Cuma,1,22,9,onbesbesdenemekonum,giris,car,3427,286
2025-05-16 01:22:12,2025,5,Mayıs,16,Cuma,1,22,12,onbesbesdenemekonum,cikis,car,3424,308
2025-05-16 01:22:12,2025,5,Mayıs,16,Cuma,1,22,12,onbesbesdenemekonum,cikis,car,3426,314
2025-05-16 01:22:14,2025,5,Mayıs,16,Cuma,1,22,14,onbesbesdenemekonum,giris,car,3434,334
2025-05-16 01:22:18,2025,5,Mayıs,16,Cuma,1,22,18,onbesbesdenemekonum,giris,car,3428,376
2025-05-16 01:22:49,2025,5,Mayıs,16,Cuma,1,22,49,onbesbesdenemekonum,giris,car,9523,716
2025-05-16 01:22:49,2025,5,Mayıs,16,Cuma,1,22,49,onbesbesdenemekonum,cikis,car,9525,716
2025-05-16 01:22:49,2025,5,Mayıs,16,Cuma,1,22,49,onbesbesdenemekonum,cikis,car,9527,716
2025-05-16 01:22:50,2025,5,Mayıs,16,Cuma,1,22,50,onbesbesdenemekonum,giris,car,9526,727
2025-05-16 01:22:50,2025,5,Mayıs,16,Cuma,1,22,50,onbesbesdenemekonum,cikis,car,9524,731
2025-05-16 01:22:54,2025,5,Mayıs,16,Cuma,1,22,54,onbesbesdenemekonum,cikis,car,9522,760
2025-05-16 01:22:54,2025,5,Mayıs,16,Cuma,1,22,54,onbesbesdenemekonum,giris,car,9529,766
2025-05-16 01:23:04,2025,5,Mayıs,16,Cuma,1,23,4,onbesbesdenemekonum,giris,car,9530,870
2025-05-16 01:23:08,2025,5,Mayıs,16,Cuma,1,23,8,onbesbesdenemekonum,cikis,car,11129,919
2025-05-16 01:23:08,2025,5,Mayıs,16,Cuma,1,23,8,onbesbesdenemekonum,cikis,car,11130,919
2025-05-16 01:23:08,2025,5,Mayıs,16,Cuma,1,23,8,onbesbesdenemekonum,cikis,car,11131,919
2025-05-16 01:23:08,2025,5,Mayıs,16,Cuma,1,23,8,onbesbesdenemekonum,giris,car,11133,919
2025-05-16 01:23:08,2025,5,Mayıs,16,Cuma,1,23,8,onbesbesdenemekonum,cikis,car,11135,919
2025-05-16 01:23:09,2025,5,Mayıs,16,Cuma,1,23,9,onbesbesdenemekonum,cikis,car,11138,929
2025-05-16 01:23:12,2025,5,Mayıs,16,Cuma,1,23,12,onbesbesdenemekonum,giris,car,11128,959
2025-05-16 01:23:14,2025,5,Mayıs,16,Cuma,1,23,14,onbesbesdenemekonum,giris,car,11132,981
2025-05-16 01:23:16,2025,5,Mayıs,16,Cuma,1,23,16,onbesbesdenemekonum,giris,car,11136,1003
2025-05-16 01:53:44,2025,5,Mayıs,16,Cuma,1,53,44,onbesbesdenemekonum,cikis,car,1,1
2025-05-16 01:53:44,2025,5,Mayıs,16,Cuma,1,53,44,onbesbesdenemekonum,cikis,car,2,1
2025-05-16 01:53:44,2025,5,Mayıs,16,Cuma,1,53,44,onbesbesdenemekonum,cikis,car,3,1
2025-05-16 01:53:44,2025,5,Mayıs,16,Cuma,1,53,44,onbesbesdenemekonum,cikis,car,5,1
2025-05-16 01:53:44,2025,5,Mayıs,16,Cuma,1,53,44,onbesbesdenemekonum,cikis,car,9,1
2025-05-16 01:53:49,2025,5,Mayıs,16,Cuma,1,53,49,onbesbesdenemekonum,cikis,car,13,36
2025-05-16 01:53:50,2025,5,Mayıs,16,Cuma,1,53,50,onbesbesdenemekonum,giris,car,11,42
2025-05-16 01:53:50,2025,5,Mayıs,16,Cuma,1,53,50,onbesbesdenemekonum,cikis,car,17,48
2025-05-16 01:53:53,2025,5,Mayıs,16,Cuma,1,53,53,onbesbesdenemekonum,giris,car,4,69
2025-05-16 01:53:58,2025,5,Mayıs,16,Cuma,1,53,58,onbesbesdenemekonum,giris,car,7,124
2025-05-16 01:54:09,2025,5,Mayıs,16,Cuma,1,54,9,onbesbesdenemekonum,giris,car,3558,261
2025-05-16 01:54:09,2025,5,Mayıs,16,Cuma,1,54,9,onbesbesdenemekonum,cikis,car,3566,261
2025-05-16 01:54:09,2025,5,Mayıs,16,Cuma,1,54,9,onbesbesdenemekonum,cikis,car,3567,261
2025-05-16 01:54:10,2025,5,Mayıs,16,Cuma,1,54,10,onbesbesdenemekonum,cikis,car,3560,269
2025-05-16 01:54:11,2025,5,Mayıs,16,Cuma,1,54,11,onbesbesdenemekonum,giris,car,3562,286
2025-05-16 01:54:14,2025,5,Mayıs,16,Cuma,1,54,14,onbesbesdenemekonum,cikis,car,3559,308
2025-05-16 01:54:14,2025,5,Mayıs,16,Cuma,1,54,14,onbesbesdenemekonum,cikis,car,3561,314
2025-05-16 01:54:16,2025,5,Mayıs,16,Cuma,1,54,16,onbesbesdenemekonum,giris,car,3569,334
2025-05-16 01:54:20,2025,5,Mayıs,16,Cuma,1,54,20,onbesbesdenemekonum,giris,car,3563,376
2025-05-16 01:54:30,2025,5,Mayıs,16,Cuma,1,54,30,onbesbesdenemekonum,giris,car,6370,484
2025-05-16 01:54:30,2025,5,Mayıs,16,Cuma,1,54,30,onbesbesdenemekonum,cikis,car,6371,484
2025-05-16 01:54:30,2025,5,Mayıs,16,Cuma,1,54,30,onbesbesdenemekonum,cikis,car,6376,484
2025-05-16 01:54:30,2025,5,Mayıs,16,Cuma,1,54,30,onbesbesdenemekonum,cikis,car,6379,484
2025-05-16 01:54:30,2025,5,Mayıs,16,Cuma,1,54,30,onbesbesdenemekonum,cikis,car,6381,484
2025-05-16 01:54:31,2025,5,Mayıs,16,Cuma,1,54,31,onbesbesdenemekonum,cikis,car,6369,497
2025-05-16 01:54:31,2025,5,Mayıs,16,Cuma,1,54,31,onbesbesdenemekonum,cikis,car,6378,500
2025-05-16 01:54:32,2025,5,Mayıs,16,Cuma,1,54,32,onbesbesdenemekonum,giris,car,6368,506
2025-05-16 01:54:35,2025,5,Mayıs,16,Cuma,1,54,35,onbesbesdenemekonum,cikis,car,6375,532
2025-05-16 01:54:43,2025,5,Mayıs,16,Cuma,1,54,43,onbesbesdenemekonum,giris,car,6380,631
2025-05-16 01:54:58,2025,5,Mayıs,16,Cuma,1,54,58,onbesbesdenemekonum,giris,car,9511,785
2025-05-16 01:54:58,2025,5,Mayıs,16,Cuma,1,54,58,onbesbesdenemekonum,cikis,car,9513,785
2025-05-16 01:54:58,2025,5,Mayıs,16,Cuma,1,54,58,onbesbesdenemekonum,giris,car,9514,785
2025-05-16 01:55:02,2025,5,Mayıs,16,Cuma,1,55,2,onbesbesdenemekonum,cikis,car,9515,831
2025-05-16 01:55:05,2025,5,Mayıs,16,Cuma,1,55,5,onbesbesdenemekonum,giris,car,9510,870
2025-05-16 01:55:14,2025,5,Mayıs,16,Cuma,1,55,14,onbesbesdenemekonum,giris,car,11097,974
2025-05-16 01:55:14,2025,5,Mayıs,16,Cuma,1,55,14,onbesbesdenemekonum,giris,truck,11100,974
2025-05-16 01:55:14,2025,5,Mayıs,16,Cuma,1,55,14,onbesbesdenemekonum,cikis,car,11101,974
2025-05-16 01:55:14,2025,5,Mayıs,16,Cuma,1,55,14,onbesbesdenemekonum,cikis,car,11106,974
2025-05-16 01:55:15,2025,5,Mayıs,16,Cuma,1,55,15,onbesbesdenemekonum,cikis,car,11098,976
2025-05-16 01:55:15,2025,5,Mayıs,16,Cuma,1,55,15,onbesbesdenemekonum,giris,car,11103,981
2025-05-16 01:55:17,2025,5,Mayıs,16,Cuma,1,55,17,onbesbesdenemekonum,giris,car,11102,1002
2025-05-16 03:11:20,2025,5,Mayıs,16,Cuma,3,11,20,onbesbesdenemekonum,cikis,car,1,1
2025-05-16 03:11:20,2025,5,Mayıs,16,Cuma,3,11,20,onbesbesdenemekonum,cikis,car,3,1
2025-05-16 03:11:20,2025,5,Mayıs,16,Cuma,3,11,20,onbesbesdenemekonum,cikis,car,4,1
2025-05-16 03:11:20,2025,5,Mayıs,16,Cuma,3,11,20,onbesbesdenemekonum,cikis,car,5,1
2025-05-16 03:11:20,2025,5,Mayıs,16,Cuma,3,11,20,onbesbesdenemekonum,giris,car,10,1
2025-05-16 03:11:20,2025,5,Mayıs,16,Cuma,3,11,20,onbesbesdenemekonum,cikis,car,11,1
2025-05-16 03:11:26,2025,5,Mayıs,16,Cuma,3,11,26,onbesbesdenemekonum,giris,car,12,13
2025-05-16 03:11:33,2025,5,Mayıs,16,Cuma,3,11,33,onbesbesdenemekonum,cikis,car,8,35
2025-05-16 03:11:36,2025,5,Mayıs,16,Cuma,3,11,36,onbesbesdenemekonum,giris,car,2,42
2025-05-16 03:11:38,2025,5,Mayıs,16,Cuma,3,11,38,onbesbesdenemekonum,cikis,car,36,49
2025-05-16 03:11:41,2025,5,Mayıs,16,Cuma,3,11,41,onbesbesdenemekonum,giris,car,78,55
2025-05-16 03:11:41,2025,5,Mayıs,16,Cuma,3,11,41,onbesbesdenemekonum,cikis,car,63,56
2025-05-16 03:11:46,2025,5,Mayıs,16,Cuma,3,11,46,onbesbesdenemekonum,giris,car,7,70
2025-05-16 03:11:47,2025,5,Mayıs,16,Cuma,3,11,47,onbesbesdenemekonum,giris,car,6,72
2025-05-16 03:11:55,2025,5,Mayıs,16,Cuma,3,11,55,onbesbesdenemekonum,cikis,car,102,97
2025-05-16 03:12:51,2025,5,Mayıs,16,Cuma,3,12,51,onbesbesdenemekonum,giris,car,2,36
2025-05-16 03:14:30,2025,5,Mayıs,16,Cuma,3,14,30,kampus_giris,giris,car,2,27
2025-05-16 03:14:58,2025,5,Mayıs,16,Cuma,3,14,58,kampus_giris,giris,car,3,80
2025-05-16 03:15:52,2025,5,Mayıs,16,Cuma,3,15,52,kampus_giris,giris,truck,1,24
2025-05-16 03:15:53,2025,5,Mayıs,16,Cuma,3,15,53,kampus_giris,giris,car,2,25
2025-05-16 03:16:19,2025,5,Mayıs,16,Cuma,3,16,19,kampus_giris,giris,car,3,76
2025-05-16 03:16:21,2025,5,Mayıs,16,Cuma,3,16,21,kampus_giris,giris,bus,4,82
2025-05-16 03:16:40,2025,5,Mayıs,16,Cuma,3,16,40,kampus_giris,giris,car,384,143
2025-05-16 03:16:42,2025,5,Mayıs,16,Cuma,3,16,42,kampus_giris,giris,bicycle,391,147
2025-05-16 03:16:51,2025,5,Mayıs,16,Cuma,3,16,51,kampus_giris,giris,car,385,176
2025-05-16 03:16:54,2025,5,Mayıs,16,Cuma,3,16,54,kampus_giris,giris,car,387,186
2025-05-16 03:17:02,2025,5,Mayıs,16,Cuma,3,17,2,kampus_giris,giris,car,388,210
2025-05-16 03:17:07,2025,5,Mayıs,16,Cuma,3,17,7,kampus_giris,giris,car,386,222
2025-05-16 03:17:18,2025,5,Mayıs,16,Cuma,3,17,18,kampus_giris,giris,car,631,257
2025-05-16 03:17:32,2025,5,Mayıs,16,Cuma,3,17,32,kampus_giris,giris,car,632,300
2025-05-16 03:17:57,2025,5,Mayıs,16,Cuma,3,17,57,kampus_giris,giris,car,729,380
2025-05-16 03:18:08,2025,5,Mayıs,16,Cuma,3,18,8,kampus_giris,giris,car,730,414
2025-05-16 03:18:20,2025,5,Mayıs,16,Cuma,3,18,20,kampus_giris,giris,car,1221,450
2025-05-16 03:18:25,2025,5,Mayıs,16,Cuma,3,18,25,kampus_giris,giris,car,1222,466
2025-05-16 03:18:31,2025,5,Mayıs,16,Cuma,3,18,31,kampus_giris,giris,truck,1223,486
2025-05-16 03:18:34,2025,5,Mayıs,16,Cuma,3,18,34,kampus_giris,giris,car,1224,493
2025-05-16 03:18:42,2025,5,Mayıs,16,Cuma,3,18,42,kampus_giris,giris,car,1226,517
2025-05-16 03:18:44,2025,5,Mayıs,16,Cuma,3,18,44,kampus_giris,giris,car,1225,524
2025-05-16 03:18:56,2025,5,Mayıs,16,Cuma,3,18,56,kampus_giris,giris,car,1227,560
2025-05-16 03:19:05,2025,5,Mayıs,16,Cuma,3,19,5,kampus_giris,giris,car,1745,587
2025-05-16 03:19:09,2025,5,Mayıs,16,Cuma,3,19,9,kampus_giris,giris,car,1744,600
2025-05-16 03:19:12,2025,5,Mayıs,16,Cuma,3,19,12,kampus_giris,giris,car,1747,609
2025-05-16 03:19:21,2025,5,Mayıs,16,Cuma,3,19,21,kampus_giris,giris,car,1746,636
2025-05-16 03:19:34,2025,5,Mayıs,16,Cuma,3,19,34,kampus_giris,giris,car,1748,677
2025-05-16 03:19:34,2025,5,Mayıs,16,Cuma,3,19,34,kampus_giris,giris,car,1749,678
2025-05-16 03:19:42,2025,5,Mayıs,16,Cuma,3,19,42,kampus_giris,cikis,bus,2002,702
2025-05-16 03:19:53,2025,5,Mayıs,16,Cuma,3,19,53,kampus_giris,giris,car,2000,733
2025-05-16 03:20:06,2025,5,Mayıs,16,Cuma,3,20,6,kampus_giris,giris,car,2001,774
2025-05-22 03:44:12,2025,5,Mayıs,22,Perşembe,3,44,12,kampus_giris,giris,car,2,1
2025-05-22 03:44:12,2025,5,Mayıs,22,Perşembe,3,44,12,kampus_giris,giris,car,7,1
2025-05-22 03:44:17,2025,5,Mayıs,22,Perşembe,3,44,17,kampus_giris,giris,car,4,28
2025-05-22 23:03:43,2025,5,Mayıs,22,Perşembe,23,3,43,kampus_giris,giris,car,7,1
2025-05-22 23:03:43,2025,5,Mayıs,22,Perşembe,23,3,43,kampus_giris,giris,bus,8,1
2025-05-22 23:03:43,2025,5,Mayıs,22,Perşembe,23,3,43,kampus_giris,giris,car,10,1
2025-05-22 23:03:44,2025,5,Mayıs,22,Perşembe,23,3,44,kampus_giris,giris,bus,6,28
2025-05-22 23:04:02,2025,5,Mayıs,22,Perşembe,23,4,2,yeni_kayit,A,bus,6,42
2025-05-22 23:36:15,2025,5,Mayıs,22,Perşembe,23,36,15,test_muslum,test_muslum1,car,6,1
2025-05-22 23:36:15,2025,5,Mayıs,22,Perşembe,23,36,15,test_muslum,test_muslum2,bus,8,1
2025-05-22 23:36:15,2025,5,Mayıs,22,Perşembe,23,36,15,test_muslum,test_muslum2,car,10,1
2025-05-22 23:56:21,2025,5,Mayıs,22,Perşembe,23,56,21,test_muslum,test_muslum1,car,6,1
2025-05-22 23:56:21,2025,5,Mayıs,22,Perşembe,23,56,21,test_muslum,test_muslum2,bus,8,1
2025-05-22 23:56:21,2025,5,Mayıs,22,Perşembe,23,56,21,test_muslum,test_muslum2,car,10,1
2025-05-23 00:42:14,2025,5,Mayıs,23,Cuma,0,42,14,test_muslum,test_muslum1,car,5,1
2025-05-23 00:42:14,2025,5,Mayıs,23,Cuma,0,42,14,test_muslum,test_muslum2,car,7,1
2025-05-23 04:48:18,2025,5,Mayıs,23,Cuma,4,48,18,kampusGiris,giris,car,4,1
2025-05-23 04:48:18,2025,5,Mayıs,23,Cuma,4,48,18,kampusGiris,giris,car,6,1
2025-05-23 04:48:18,2025,5,Mayıs,23,Cuma,4,48,18,kampusGiris,giris,car,10,1
2025-05-23 04:48:18,2025,5,Mayıs,23,Cuma,4,48,18,kampusGiris,giris,truck,11,1
2025-05-23 04:48:21,2025,5,Mayıs,23,Cuma,4,48,21,kampusGiris,giris,car,5,53
2025-05-23 04:48:24,2025,5,Mayıs,23,Cuma,4,48,24,kampusGiris,giris,person,33,108
2025-05-23 04:48:28,2025,5,Mayıs,23,Cuma,4,48,28,kampusGiris,giris,bus,133,170
2025-05-23 16:18:03,2025,5,Mayıs,23,Cuma,16,18,3,kampusGiris,giris,car,4,1
2025-05-23 16:18:03,2025,5,Mayıs,23,Cuma,16,18,3,kampusGiris,giris,car,6,1
2025-05-23 16:18:03,2025,5,Mayıs,23,Cuma,16,18,3,kampusGiris,giris,car,10,1
2025-05-23 16:18:03,2025,5,Mayıs,23,Cuma,16,18,3,kampusGiris,giris,truck,11,1
2025-05-23 16:18:06,2025,5,Mayıs,23,Cuma,16,18,6,kampusGiris,giris,car,5,53
2025-05-23 16:20:08,2025,5,Mayıs,23,Cuma,16,20,8,kampusGiris,giris,car,4,1
2025-05-23 16:20:08,2025,5,Mayıs,23,Cuma,16,20,8,kampusGiris,giris,car,6,1
2025-05-23 16:20:08,2025,5,Mayıs,23,Cuma,16,20,8,kampusGiris,giris,car,10,1
2025-05-23 16:20:08,2025,5,Mayıs,23,Cuma,16,20,8,kampusGiris,giris,truck,11,1
2025-05-23 16:22:08,2025,5,Mayıs,23,Cuma,16,22,8,kampusGiris,giris,truck,1,1
2025-05-23 16:22:08,2025,5,Mayıs,23,Cuma,16,22,8,kampusGiris,giris,car,2,1
2025-05-23 16:22:09,2025,5,Mayıs,23,Cuma,16,22,9,kampusGiris,giris,truck,10,23
2025-05-23 16:22:10,2025,5,Mayıs,23,Cuma,16,22,10,kampusGiris,giris,car,3,50
2025-05-23 16:22:11,2025,5,Mayıs,23,Cuma,16,22,11,kampusGiris,giris,bus,4,56
2025-05-23 16:22:14,2025,5,Mayıs,23,Cuma,16,22,14,kampusGiris,giris,bus,71,108
2025-05-23 16:22:14,2025,5,Mayıs,23,Cuma,16,22,14,kampusGiris,giris,car,26,111
2025-05-23 16:22:14,2025,5,Mayıs,23,Cuma,16,22,14,kampusGiris,giris,bicycle,80,123
2025-05-23 16:22:15,2025,5,Mayıs,23,Cuma,16,22,15,kampusGiris,giris,bicycle,86,126
2025-05-23 16:22:15,2025,5,Mayıs,23,Cuma,16,22,15,kampusGiris,giris,bicycle,96,133
2025-05-23 16:22:15,2025,5,Mayıs,23,Cuma,16,22,15,kampusGiris,giris,bicycle,97,133
2025-05-23 16:22:15,2025,5,Mayıs,23,Cuma,16,22,15,kampusGiris,giris,bicycle,100,138
2025-05-23 16:22:15,2025,5,Mayıs,23,Cuma,16,22,15,kampusGiris,giris,car,36,142
2025-05-23 16:22:15,2025,5,Mayıs,23,Cuma,16,22,15,kampusGiris,giris,bicycle,108,143
2025-05-23 16:22:16,2025,5,Mayıs,23,Cuma,16,22,16,kampusGiris,giris,bicycle,111,146
2025-05-23 16:22:17,2025,5,Mayıs,23,Cuma,16,22,17,kampusGiris,giris,car,63,160
2025-05-23 16:22:17,2025,5,Mayıs,23,Cuma,16,22,17,kampusGiris,giris,bicycle,122,163
2025-05-23 16:22:17,2025,5,Mayıs,23,Cuma,16,22,17,kampusGiris,giris,motorcycle,62,166
2025-05-23 16:22:18,2025,5,Mayıs,23,Cuma,16,22,18,kampusGiris,giris,car,94,185
2025-05-23 16:22:18,2025,5,Mayıs,23,Cuma,16,22,18,kampusGiris,giris,car,37,187
2025-05-23 16:22:20,2025,5,Mayıs,23,Cuma,16,22,20,kampusGiris,cikis,car,140,216
2025-05-23 16:22:21,2025,5,Mayıs,23,Cuma,16,22,21,kampusGiris,giris,car,131,225
2025-05-23 16:22:24,2025,5,Mayıs,23,Cuma,16,22,24,kampusGiris,giris,car,134,277
2025-05-23 16:22:28,2025,5,Mayıs,23,Cuma,16,22,28,kampusGiris,giris,car,149,352
2025-05-23 16:22:31,2025,5,Mayıs,23,Cuma,16,22,31,kampusGiris,giris,car,161,387
2025-05-23 16:22:33,2025,5,Mayıs,23,Cuma,16,22,33,kampusGiris,giris,car,171,424
2025-05-23 16:22:34,2025,5,Mayıs,23,Cuma,16,22,34,kampusGiris,giris,car,228,439
2025-05-23 16:22:35,2025,5,Mayıs,23,Cuma,16,22,35,kampusGiris,giris,car,186,457
2025-05-23 16:22:36,2025,5,Mayıs,23,Cuma,16,22,36,kampusGiris,giris,car,196,467
2025-05-23 16:22:37,2025,5,Mayıs,23,Cuma,16,22,37,kampusGiris,giris,car,207,494
2025-05-23 16:22:37,2025,5,Mayıs,23,Cuma,16,22,37,kampusGiris,giris,car,214,496
2025-05-23 16:22:38,2025,5,Mayıs,23,Cuma,16,22,38,kampusGiris,giris,car,263,508
2025-05-23 16:22:40,2025,5,Mayıs,23,Cuma,16,22,40,kampusGiris,giris,car,237,536
2025-05-23 16:22:42,2025,5,Mayıs,23,Cuma,16,22,42,kampusGiris,giris,car,241,562
2025-05-23 16:22:42,2025,5,Mayıs,23,Cuma,16,22,42,kampusGiris,giris,car,251,571
2025-05-23 16:22:43,2025,5,Mayıs,23,Cuma,16,22,43,kampusGiris,giris,car,265,585
2025-05-23 16:22:45,2025,5,Mayıs,23,Cuma,16,22,45,kampusGiris,giris,car,275,610
2025-05-23 16:22:47,2025,5,Mayıs,23,Cuma,16,22,47,kampusGiris,giris,car,276,648
2025-05-23 16:22:48,2025,5,Mayıs,23,Cuma,16,22,48,kampusGiris,giris,car,283,653
2025-05-23 16:22:48,2025,5,Mayıs,23,Cuma,16,22,48,kampusGiris,cikis,car,297,664
2025-05-23 16:22:50,2025,5,Mayıs,23,Cuma,16,22,50,kampusGiris,cikis,car,302,693
2025-05-23 16:22:50,2025,5,Mayıs,23,Cuma,16,22,50,kampusGiris,cikis,bus,305,700
2025-05-23 16:22:51,2025,5,Mayıs,23,Cuma,16,22,51,kampusGiris,giris,car,289,705
2025-05-23 16:22:53,2025,5,Mayıs,23,Cuma,16,22,53,kampusGiris,giris,car,299,746
2025-05-23 16:22:55,2025,5,Mayıs,23,Cuma,16,22,55,kampusGiris,giris,motorcycle,357,781
2025-05-23 16:22:56,2025,5,Mayıs,23,Cuma,16,22,56,kampusGiris,giris,motorcycle,361,788
2025-05-23 16:22:57,2025,5,Mayıs,23,Cuma,16,22,57,kampusGiris,giris,car,309,797
2025-05-23 16:22:57,2025,5,Mayıs,23,Cuma,16,22,57,kampusGiris,giris,motorcycle,386,797
2025-05-23 16:22:57,2025,5,Mayıs,23,Cuma,16,22,57,kampusGiris,giris,person,388,798
2025-05-23 16:22:58,2025,5,Mayıs,23,Cuma,16,22,58,kampusGiris,giris,car,321,819
2025-05-23 16:23:01,2025,5,Mayıs,23,Cuma,16,23,1,kampusGiris,giris,car,368,868
2025-05-23 16:24:49,2025,5,Mayıs,23,Cuma,16,24,49,kampusGiris,giris,truck,1,1
2025-05-23 16:24:49,2025,5,Mayıs,23,Cuma,16,24,49,kampusGiris,giris,car,2,1
2025-05-23 16:24:50,2025,5,Mayıs,23,Cuma,16,24,50,kampusGiris,giris,truck,10,23
2025-05-23 16:24:51,2025,5,Mayıs,23,Cuma,16,24,51,kampusGiris,giris,car,3,50
2025-05-23 16:24:52,2025,5,Mayıs,23,Cuma,16,24,52,kampusGiris,giris,bus,4,56
2025-05-23 16:24:55,2025,5,Mayıs,23,Cuma,16,24,55,kampusGiris,giris,bus,71,108
2025-05-23 16:24:55,2025,5,Mayıs,23,Cuma,16,24,55,kampusGiris,giris,car,26,111
2025-05-23 16:24:56,2025,5,Mayıs,23,Cuma,16,24,56,kampusGiris,giris,bicycle,80,123
2025-05-23 16:24:56,2025,5,Mayıs,23,Cuma,16,24,56,kampusGiris,giris,bicycle,86,126
2025-05-23 16:24:56,2025,5,Mayıs,23,Cuma,16,24,56,kampusGiris,giris,bicycle,96,133
2025-05-23 16:24:56,2025,5,Mayıs,23,Cuma,16,24,56,kampusGiris,giris,bicycle,97,133
2025-05-23 16:24:56,2025,5,Mayıs,23,Cuma,16,24,56,kampusGiris,giris,bicycle,100,138
2025-05-23 16:24:57,2025,5,Mayıs,23,Cuma,16,24,57,kampusGiris,giris,car,36,142
2025-05-23 16:24:57,2025,5,Mayıs,23,Cuma,16,24,57,kampusGiris,giris,bicycle,108,143
2025-05-23 16:24:57,2025,5,Mayıs,23,Cuma,16,24,57,kampusGiris,giris,bicycle,111,146
2025-05-23 16:24:58,2025,5,Mayıs,23,Cuma,16,24,58,kampusGiris,giris,car,63,160
2025-05-23 16:24:58,2025,5,Mayıs,23,Cuma,16,24,58,kampusGiris,giris,bicycle,122,163
2025-05-23 16:24:58,2025,5,Mayıs,23,Cuma,16,24,58,kampusGiris,giris,motorcycle,62,166
2025-05-23 16:24:59,2025,5,Mayıs,23,Cuma,16,24,59,kampusGiris,giris,car,94,185
2025-05-23 16:24:59,2025,5,Mayıs,23,Cuma,16,24,59,kampusGiris,giris,car,37,187
2025-05-23 16:25:01,2025,5,Mayıs,23,Cuma,16,25,1,kampusGiris,cikis,car,140,216
2025-05-23 16:25:01,2025,5,Mayıs,23,Cuma,16,25,1,kampusGiris,giris,car,131,225
2025-05-23 16:25:04,2025,5,Mayıs,23,Cuma,16,25,4,kampusGiris,giris,car,134,277
2025-05-23 16:25:08,2025,5,Mayıs,23,Cuma,16,25,8,kampusGiris,giris,car,149,352
2025-05-23 16:25:10,2025,5,Mayıs,23,Cuma,16,25,10,kampusGiris,giris,car,161,387
2025-05-23 16:25:12,2025,5,Mayıs,23,Cuma,16,25,12,kampusGiris,giris,car,171,424
2025-05-23 16:25:13,2025,5,Mayıs,23,Cuma,16,25,13,kampusGiris,giris,car,228,439
2025-05-23 16:25:14,2025,5,Mayıs,23,Cuma,16,25,14,kampusGiris,giris,car,186,457
2025-05-23 16:25:14,2025,5,Mayıs,23,Cuma,16,25,14,kampusGiris,giris,car,196,467
2025-05-23 16:25:16,2025,5,Mayıs,23,Cuma,16,25,16,kampusGiris,giris,car,207,494
2025-05-23 16:25:16,2025,5,Mayıs,23,Cuma,16,25,16,kampusGiris,giris,car,214,496
2025-05-23 16:25:17,2025,5,Mayıs,23,Cuma,16,25,17,kampusGiris,giris,car,263,508
2025-05-23 16:25:18,2025,5,Mayıs,23,Cuma,16,25,18,kampusGiris,giris,car,237,536
2025-05-23 16:25:20,2025,5,Mayıs,23,Cuma,16,25,20,kampusGiris,giris,car,241,562
2025-05-23 16:25:20,2025,5,Mayıs,23,Cuma,16,25,20,kampusGiris,giris,car,251,571
2025-05-23 16:25:21,2025,5,Mayıs,23,Cuma,16,25,21,kampusGiris,giris,car,265,585
2025-05-23 16:25:22,2025,5,Mayıs,23,Cuma,16,25,22,kampusGiris,giris,car,275,610
2025-05-23 16:25:24,2025,5,Mayıs,23,Cuma,16,25,24,kampusGiris,giris,car,276,648
2025-05-23 16:25:25,2025,5,Mayıs,23,Cuma,16,25,25,kampusGiris,giris,car,283,653
2025-05-23 16:25:25,2025,5,Mayıs,23,Cuma,16,25,25,kampusGiris,cikis,car,297,664
2025-05-23 16:25:27,2025,5,Mayıs,23,Cuma,16,25,27,kampusGiris,cikis,car,302,693
2025-05-23 16:25:27,2025,5,Mayıs,23,Cuma,16,25,27,kampusGiris,cikis,bus,305,700
2025-05-23 16:25:27,2025,5,Mayıs,23,Cuma,16,25,27,kampusGiris,giris,car,289,705
2025-05-23 16:25:30,2025,5,Mayıs,23,Cuma,16,25,30,kampusGiris,giris,car,299,746
2025-05-23 16:25:32,2025,5,Mayıs,23,Cuma,16,25,32,kampusGiris,giris,motorcycle,357,781
2025-05-23 16:25:32,2025,5,Mayıs,23,Cuma,16,25,32,kampusGiris,giris,motorcycle,361,788
2025-05-23 16:25:33,2025,5,Mayıs,23,Cuma,16,25,33,kampusGiris,giris,car,309,797
2025-05-23 16:25:33,2025,5,Mayıs,23,Cuma,16,25,33,kampusGiris,giris,motorcycle,386,797
2025-05-23 16:25:33,2025,5,Mayıs,23,Cuma,16,25,33,kampusGiris,giris,person,388,798
2025-05-23 16:25:36,2025,5,Mayıs,23,Cuma,16,25,36,kampusGiris,giris,truck,1,1
2025-05-23 16:25:36,2025,5,Mayıs,23,Cuma,16,25,36,kampusGiris,giris,car,2,1
2025-05-23 16:25:39,2025,5,Mayıs,23,Cuma,16,25,39,kampusGiris,giris,car,3,50
2025-05-23 16:25:39,2025,5,Mayıs,23,Cuma,16,25,39,kampusGiris,giris,bus,4,56
2025-05-23 16:25:43,2025,5,Mayıs,23,Cuma,16,25,43,kampusGiris,giris,car,288,115
2025-05-23 16:27:15,2025,5,Mayıs,23,Cuma,16,27,15,dogukandeneme,kampusgirisguncel,truck,1,1
2025-05-23 16:27:16,2025,5,Mayıs,23,Cuma,16,27,16,dogukandeneme,kampusgirisguncel,car,2,12
2025-05-23 16:27:18,2025,5,Mayıs,23,Cuma,16,27,18,dogukandeneme,kampusgirisguncel,car,3,62
2025-05-23 16:27:18,2025,5,Mayıs,23,Cuma,16,27,18,dogukandeneme,kampusgirisguncel,bus,4,65
2025-05-23 16:27:22,2025,5,Mayıs,23,Cuma,16,27,22,dogukandeneme,kampusgirisguncel,car,288,125
2025-05-23 16:27:24,2025,5,Mayıs,23,Cuma,16,27,24,dogukandeneme,kampusgirisguncel,car,289,156
2025-05-23 16:27:24,2025,5,Mayıs,23,Cuma,16,27,24,dogukandeneme,kampusgirisguncel,car,290,172
2025-05-23 16:27:26,2025,5,Mayıs,23,Cuma,16,27,26,dogukandeneme,kampusgirisguncel,car,632,200
2025-05-23 16:27:26,2025,5,Mayıs,23,Cuma,16,27,26,dogukandeneme,kampusgirisguncel,car,634,202
2025-05-23 16:27:28,2025,5,Mayıs,23,Cuma,16,27,28,dogukandeneme,kampusgirisguncel,car,633,237
2025-05-23 16:27:31,2025,5,Mayıs,23,Cuma,16,27,31,dogukandeneme,kampusgirisguncel,car,635,287
2025-05-23 16:27:35,2025,5,Mayıs,23,Cuma,16,27,35,dogukandeneme,kampusgirisguncel,car,787,364
2025-05-23 16:27:37,2025,5,Mayıs,23,Cuma,16,27,37,dogukandeneme,kampusgirisguncel,car,788,398
2025-05-23 16:27:39,2025,5,Mayıs,23,Cuma,16,27,39,dogukandeneme,kampusgirisguncel,car,1176,437
2025-05-23 16:27:40,2025,5,Mayıs,23,Cuma,16,27,40,dogukandeneme,kampusgirisguncel,car,1177,452
2025-05-23 16:27:41,2025,5,Mayıs,23,Cuma,16,27,41,dogukandeneme,kampusgirisguncel,car,1180,469
2025-05-23 16:27:41,2025,5,Mayıs,23,Cuma,16,27,41,dogukandeneme,kampusgirisguncel,car,1178,480
2025-05-23 16:27:43,2025,5,Mayıs,23,Cuma,16,27,43,dogukandeneme,kampusgirisguncel,car,1179,505
2025-05-23 16:27:43,2025,5,Mayıs,23,Cuma,16,27,43,dogukandeneme,kampusgirisguncel,car,1182,507
2025-05-23 16:27:45,2025,5,Mayıs,23,Cuma,16,27,45,dogukandeneme,kampusgirisguncel,car,1478,547
2025-05-23 16:27:47,2025,5,Mayıs,23,Cuma,16,27,47,dogukandeneme,kampusgirisguncel,car,1480,575
2025-05-23 16:27:47,2025,5,Mayıs,23,Cuma,16,27,47,dogukandeneme,kampusgirisguncel,car,1479,584
2025-05-23 16:27:49,2025,5,Mayıs,23,Cuma,16,27,49,dogukandeneme,kampusgirisguncel,car,1758,620
2025-05-23 16:27:51,2025,5,Mayıs,23,Cuma,16,27,51,dogukandeneme,kampusgirisguncel,car,1757,660
2025-05-23 16:27:52,2025,5,Mayıs,23,Cuma,16,27,52,dogukandeneme,kampusgirisguncel,car,1756,665
2025-05-23 16:27:55,2025,5,Mayıs,23,Cuma,16,27,55,dogukandeneme,kampusgirisguncel,car,1759,717
2025-05-23 16:27:57,2025,5,Mayıs,23,Cuma,16,27,57,dogukandeneme,kampusgirisguncel,car,2096,757
2025-05-23 16:28:00,2025,5,Mayıs,23,Cuma,16,28,0,dogukandeneme,kampusgirisguncel,car,2097,809
2025-05-23 16:28:01,2025,5,Mayıs,23,Cuma,16,28,1,dogukandeneme,kampusgirisguncel,car,2100,829
2025-05-23 16:28:04,2025,5,Mayıs,23,Cuma,16,28,4,dogukandeneme,kampusgirisguncel,car,2329,879
2025-05-23 16:28:07,2025,5,Mayıs,23,Cuma,16,28,7,dogukandeneme,kampusgirisguncel,car,2455,924
2025-05-23 16:28:08,2025,5,Mayıs,23,Cuma,16,28,8,dogukandeneme,kampusgirisguncel,car,2456,949
2025-05-23 16:28:11,2025,5,Mayıs,23,Cuma,16,28,11,dogukandeneme,kampusgirisguncel,car,2583,989
2025-05-23 16:28:14,2025,5,Mayıs,23,Cuma,16,28,14,dogukandeneme,kampusgirisguncel,car,2585,1047
2025-05-23 16:28:16,2025,5,Mayıs,23,Cuma,16,28,16,dogukandeneme,kampusgirisguncel,car,2674,1086
2025-05-23 16:28:21,2025,5,Mayıs,23,Cuma,16,28,21,dogukandeneme,kampusgirisguncel,truck,1,1
2025-05-23 16:28:22,2025,5,Mayıs,23,Cuma,16,28,22,dogukandeneme,kampusgirisguncel,car,2,12
2025-05-23 16:28:24,2025,5,Mayıs,23,Cuma,16,28,24,dogukandeneme,kampusgirisguncel,car,3,62
2025-05-23 16:28:25,2025,5,Mayıs,23,Cuma,16,28,25,dogukandeneme,kampusgirisguncel,bus,4,65
2025-05-23 16:28:28,2025,5,Mayıs,23,Cuma,16,28,28,dogukandeneme,kampusgirisguncel,car,288,125
2025-05-23 16:28:30,2025,5,Mayıs,23,Cuma,16,28,30,dogukandeneme,kampusgirisguncel,car,289,156
2025-05-23 16:28:30,2025,5,Mayıs,23,Cuma,16,28,30,dogukandeneme,kampusgirisguncel,car,290,172
2025-05-23 16:28:32,2025,5,Mayıs,23,Cuma,16,28,32,dogukandeneme,kampusgirisguncel,car,632,200
2025-05-23 16:28:32,2025,5,Mayıs,23,Cuma,16,28,32,dogukandeneme,kampusgirisguncel,car,634,202
2025-05-23 16:28:34,2025,5,Mayıs,23,Cuma,16,28,34,dogukandeneme,kampusgirisguncel,car,633,237
2025-05-23 16:28:37,2025,5,Mayıs,23,Cuma,16,28,37,dogukandeneme,kampusgirisguncel,car,635,287
2025-05-23 16:28:42,2025,5,Mayıs,23,Cuma,16,28,42,dogukandeneme,kampusgirisguncel,car,785,364
2025-05-23 16:28:44,2025,5,Mayıs,23,Cuma,16,28,44,dogukandeneme,kampusgirisguncel,car,786,398
2025-05-23 16:28:46,2025,5,Mayıs,23,Cuma,16,28,46,dogukandeneme,kampusgirisguncel,car,1174,437
2025-05-23 16:28:47,2025,5,Mayıs,23,Cuma,16,28,47,dogukandeneme,kampusgirisguncel,car,1175,452
2025-05-23 16:28:48,2025,5,Mayıs,23,Cuma,16,28,48,dogukandeneme,kampusgirisguncel,car,1178,469
2025-05-23 16:28:48,2025,5,Mayıs,23,Cuma,16,28,48,dogukandeneme,kampusgirisguncel,car,1176,480
2025-05-23 16:28:50,2025,5,Mayıs,23,Cuma,16,28,50,dogukandeneme,kampusgirisguncel,car,1177,505
2025-05-23 16:28:50,2025,5,Mayıs,23,Cuma,16,28,50,dogukandeneme,kampusgirisguncel,car,1180,507
2025-05-23 16:28:52,2025,5,Mayıs,23,Cuma,16,28,52,dogukandeneme,kampusgirisguncel,car,1476,547
2025-05-23 16:30:42,2025,5,Mayıs,23,Cuma,16,30,42,dogukandeneme,kampusgirisguncel,truck,1,1
2025-05-23 16:30:43,2025,5,Mayıs,23,Cuma,16,30,43,dogukandeneme,kampusgirisguncel,car,2,12
2025-05-23 16:30:46,2025,5,Mayıs,23,Cuma,16,30,46,dogukandeneme,kampusgirisguncel,car,3,62
2025-05-23 16:30:46,2025,5,Mayıs,23,Cuma,16,30,46,dogukandeneme,kampusgirisguncel,bus,4,66
2025-05-23 16:30:50,2025,5,Mayıs,23,Cuma,16,30,50,dogukandeneme,kampusgirisguncel,bicycle,80,123
2025-05-23 16:30:50,2025,5,Mayıs,23,Cuma,16,30,50,dogukandeneme,kampusgirisguncel,car,26,125
2025-05-23 16:30:50,2025,5,Mayıs,23,Cuma,16,30,50,dogukandeneme,kampusgirisguncel,bicycle,86,126
2025-05-23 16:30:51,2025,5,Mayıs,23,Cuma,16,30,51,dogukandeneme,kampusgirisguncel,bicycle,96,133
2025-05-23 16:30:51,2025,5,Mayıs,23,Cuma,16,30,51,dogukandeneme,kampusgirisguncel,bicycle,97,133
2025-05-23 18:17:20,2025,5,Mayıs,23,Cuma,18,17,20,dogukandeneme,kampusgirisguncel,truck,1,1
2025-05-23 18:17:21,2025,5,Mayıs,23,Cuma,18,17,21,dogukandeneme,kampusgirisguncel,car,2,12
2025-05-23 18:17:24,2025,5,Mayıs,23,Cuma,18,17,24,dogukandeneme,kampusgirisguncel,car,3,62
2025-05-23 18:17:24,2025,5,Mayıs,23,Cuma,18,17,24,dogukandeneme,kampusgirisguncel,bus,4,66
2025-05-23 18:17:27,2025,5,Mayıs,23,Cuma,18,17,27,dogukandeneme,kampusgirisguncel,bicycle,80,123
2025-05-23 18:17:28,2025,5,Mayıs,23,Cuma,18,17,28,dogukandeneme,kampusgirisguncel,car,26,125
2025-05-23 18:17:28,2025,5,Mayıs,23,Cuma,18,17,28,dogukandeneme,kampusgirisguncel,bicycle,86,126
2025-05-23 18:17:28,2025,5,Mayıs,23,Cuma,18,17,28,dogukandeneme,kampusgirisguncel,bicycle,96,133
2025-05-23 18:17:28,2025,5,Mayıs,23,Cuma,18,17,28,dogukandeneme,kampusgirisguncel,bicycle,97,133
2025-05-23 18:17:30,2025,5,Mayıs,23,Cuma,18,17,30,dogukandeneme,kampusgirisguncel,car,36,156
2025-05-23 18:17:30,2025,5,Mayıs,23,Cuma,18,17,30,dogukandeneme,kampusgirisguncel,car,63,172
2025-05-23 18:17:32,2025,5,Mayıs,23,Cuma,18,17,32,dogukandeneme,kampusgirisguncel,car,94,197
2025-05-23 18:17:32,2025,5,Mayıs,23,Cuma,18,17,32,dogukandeneme,kampusgirisguncel,car,37,202
2025-05-23 18:17:34,2025,5,Mayıs,23,Cuma,18,17,34,dogukandeneme,kampuscikisguncel,car,140,225
2025-05-23 18:17:34,2025,5,Mayıs,23,Cuma,18,17,34,dogukandeneme,kampusgirisguncel,car,131,237
2025-05-23 18:17:37,2025,5,Mayıs,23,Cuma,18,17,37,dogukandeneme,kampusgirisguncel,car,134,287
2025-05-23 18:17:42,2025,5,Mayıs,23,Cuma,18,17,42,dogukandeneme,kampusgirisguncel,car,149,364
2025-05-23 18:17:44,2025,5,Mayıs,23,Cuma,18,17,44,dogukandeneme,kampusgirisguncel,car,161,398
2025-05-23 18:17:46,2025,5,Mayıs,23,Cuma,18,17,46,dogukandeneme,kampusgirisguncel,car,171,437
2025-05-23 18:17:47,2025,5,Mayıs,23,Cuma,18,17,47,dogukandeneme,kampusgirisguncel,car,228,452
2025-05-23 18:17:48,2025,5,Mayıs,23,Cuma,18,17,48,dogukandeneme,kampusgirisguncel,car,186,469
2025-05-23 18:17:49,2025,5,Mayıs,23,Cuma,18,17,49,dogukandeneme,kampusgirisguncel,car,196,480
2025-05-23 18:17:50,2025,5,Mayıs,23,Cuma,18,17,50,dogukandeneme,kampusgirisguncel,car,207,505
2025-05-23 18:17:50,2025,5,Mayıs,23,Cuma,18,17,50,dogukandeneme,kampusgirisguncel,car,214,507
2025-05-23 18:17:53,2025,5,Mayıs,23,Cuma,18,17,53,dogukandeneme,kampusgirisguncel,car,237,547
2025-05-23 18:17:54,2025,5,Mayıs,23,Cuma,18,17,54,dogukandeneme,kampusgirisguncel,car,241,575
